<?xml version="1.0" encoding="UTF-8"?>
<project-private xmlns="http://www.netbeans.org/ns/project-private/1">
    <editor-bookmarks xmlns="http://www.netbeans.org/ns/editor-bookmarks/2" lastBookmarkId="0"/>
    <open-files xmlns="http://www.netbeans.org/ns/projectui-open-files/2">
        <group>
            <file>file:/C:/Users/Francis%20Manuel/Documents/NetBeansProjects/InventoryManagementSystem/src/Secure/InventoryCashier.java</file>
            <file>file:/C:/Users/Francis%20Manuel/Documents/NetBeansProjects/InventoryManagementSystem/src/Secure/ContactUs.java</file>
            <file>file:/C:/Users/Francis%20Manuel/Documents/NetBeansProjects/InventoryManagementSystem/src/Secure/InventoryCategory.java</file>
            <file>file:/C:/Users/Francis%20Manuel/Documents/NetBeansProjects/InventoryManagementSystem/src/Secure/Receipt.java</file>
            <file>file:/C:/Users/Francis%20Manuel/Documents/NetBeansProjects/InventoryManagementSystem/src/Secure/InventoryBrand.java</file>
            <file>file:/C:/Users/Francis%20Manuel/Documents/NetBeansProjects/InventoryManagementSystem/src/Secure/MySqlConnect.java</file>
            <file>file:/C:/Users/Francis%20Manuel/Documents/NetBeansProjects/InventoryManagementSystem/src/Secure/InventoryProduct.java</file>
            <file>file:/C:/Users/Francis%20Manuel/Documents/NetBeansProjects/InventoryManagementSystem/src/Secure/Profile.java</file>
            <file>file:/C:/Users/Francis%20Manuel/Documents/NetBeansProjects/InventoryManagementSystem/src/Secure/InventoryPOS.java</file>
            <file>file:/C:/Users/Francis%20Manuel/Documents/NetBeansProjects/InventoryManagementSystem/src/Secure/Login.java</file>
            <file>file:/C:/Users/Francis%20Manuel/Documents/NetBeansProjects/InventoryManagementSystem/src/Secure/Greet.java</file>
        </group>
    </open-files>
</project-private>
